C	ClientID	DFT	Replicate	Index1sequence	Index2sequence	%ReadsIdentified(PF)	TotalReads	TotalBases(Gbases)
6180766	4906_1-1	DFT1	1	TTGTTGCA	GACGTCGT	2.4465	103481165	15.5
6180767	C5065_1-1	DFT1	1	CCACACTT	CGTCATAC	2.8116	118924031	17.8
6180768	1426_1-1	DFT1	1	CCCGTTTG	TTGCTGTA	2.3264	98401219	14.8
6180769	RV_1-1	DFT2	1	ATGCTCCC	CCCTGCTG	2.2811	96485136	14.5
6180770	SN_1-1	DFT2	1	GCTCAATA	CATTTATC	2.3947	101290147	15.2
6180771	TD549_1-1	DFT2	1	GTAGTTCG	CTTGATGC	2.1732	91921221	13.8
6180772	4906_2-1	DFT1	2	CGAGAACC	ATGTATCG	2.2322	94416781	14.2
6180773	C5065_2-1	DFT1	2	GCCATGTA	ATAGGGTT	2.4505	103650355	15.5
6180774	1426_2-1	DFT1	2	TTTCTCTA	CTCGACGT	2.4778	104805081	15.7
6180775	RV_2-1	DFT2	2	CCAGCGAT	TCTAGTCA	2.9882	126393794	19
6180776	SN_2-1	DFT2	2	TGGGAGTG	CCCGTCTA	2.4459	103455786	15.5
6180777	TD549_2-1	DFT2	2	CCCTCGTA	TAGAAGAG	2.5437	107592495	16.1
6180778	4906_3-1	DFT1	3	CGATATGG	GGGACGTA	2.2711	96062159	14.4
6180779	C5065_3-1	DFT1	3	TTGTGCCC	TTTCCATC	2.2763	96282107	14.4
6180780	1426_3-1	DFT1	3	TGTCCTCT	CGACGAAC	2.4952	105541059	15.8
6180781	RV_3-1	DFT2	3	GTATAGTC	TTGGTCTC	2.3325	98659234	14.8
6180782	SN_3-1	DFT2	3	TTTGGGAT	GTTCACGT	2.675	113146174	17
6180783	TD549_3-1	DFT2	3	CACCAAGC	AAAGGGAA	2.161	91405190	13.7
DEA5_4NEG	DEA4_6NEG			CGGAGAGG	CGAGCGTC	0.0002	8460	0
